ACCELEROMETER X (m/sֲ²),ACCELEROMETER Y (m/sֲ²),ACCELEROMETER Z (m/sֲ²),GYROSCOPE X (rad/s),GYROSCOPE Y (rad/s),GYROSCOPE Z (rad/s),Time since start in ms ,YYYY-MO-DD HH-MI-SS_SSS
-1.025,1.195,10.511,-0.875,-1.391,0.23,40,2021-01-18 09:20:46:496
-1.025,1.195,10.511,-0.875,-1.391,0.23,48,2021-01-18 09:20:46:504
-1.025,1.195,10.511,-0.875,-1.391,0.23,58,2021-01-18 09:20:46:514
-1.025,1.195,10.511,-0.875,-1.391,0.23,68,2021-01-18 09:20:46:524
-1.025,1.195,10.511,-0.875,-1.391,0.23,78,2021-01-18 09:20:46:534
-1.025,1.195,10.511,-0.875,-1.391,0.23,88,2021-01-18 09:20:46:544
-0.065,2.476,8.612,-0.875,-1.391,0.23,99,2021-01-18 09:20:46:555
-0.065,2.476,8.612,-0.875,-1.391,0.23,108,2021-01-18 09:20:46:564
-0.065,2.476,8.612,0.033,0.027,-0.176,121,2021-01-18 09:20:46:577
-0.065,2.476,8.612,0.033,0.027,-0.176,128,2021-01-18 09:20:46:584
-0.065,2.476,8.612,0.033,0.027,-0.176,138,2021-01-18 09:20:46:594
-0.065,2.476,8.612,0.033,0.027,-0.176,148,2021-01-18 09:20:46:604
0.156,3.395,7.631,0.033,0.027,-0.176,158,2021-01-18 09:20:46:614
0.156,3.395,7.631,0.033,0.027,-0.176,168,2021-01-18 09:20:46:624
0.156,3.395,7.631,0.033,0.027,-0.176,180,2021-01-18 09:20:46:636
0.156,3.395,7.631,0.033,0.027,-0.176,188,2021-01-18 09:20:46:644
0.156,3.395,7.631,0.033,0.027,-0.176,198,2021-01-18 09:20:46:654
0.156,3.395,7.631,0.033,0.027,-0.176,208,2021-01-18 09:20:46:664
1.611,3.479,7.628,0.033,0.027,-0.176,218,2021-01-18 09:20:46:674
1.611,3.479,7.628,0.033,0.027,-0.176,228,2021-01-18 09:20:46:684
1.611,3.479,7.628,0.28,-2.09,0.332,239,2021-01-18 09:20:46:695
1.611,3.479,7.628,0.28,-2.09,0.332,248,2021-01-18 09:20:46:704
1.611,3.479,7.628,0.28,-2.09,0.332,258,2021-01-18 09:20:46:714
1.611,3.479,7.628,0.28,-2.09,0.332,267,2021-01-18 09:20:46:723
2.035,3.311,6.405,0.28,-2.09,0.332,277,2021-01-18 09:20:46:733
2.035,3.311,6.405,0.28,-2.09,0.332,288,2021-01-18 09:20:46:744
2.035,3.311,6.405,0.28,-2.09,0.332,297,2021-01-18 09:20:46:753
2.035,3.311,6.405,0.28,-2.09,0.332,308,2021-01-18 09:20:46:764
2.035,3.311,6.405,0.28,-2.09,0.332,318,2021-01-18 09:20:46:774
2.035,3.311,6.405,0.28,-2.09,0.332,328,2021-01-18 09:20:46:784
2.035,3.311,6.405,0.28,-2.09,0.332,337,2021-01-18 09:20:46:793
2.035,3.311,6.405,0.28,-2.09,0.332,348,2021-01-18 09:20:46:804
2.035,3.311,6.405,0.28,-2.09,0.332,357,2021-01-18 09:20:46:813
3.812,3.977,4.765,1.182,-3.346,0.496,368,2021-01-18 09:20:46:824
3.812,3.977,4.765,1.182,-3.346,0.496,377,2021-01-18 09:20:46:833
3.812,3.977,4.765,1.182,-3.346,0.496,388,2021-01-18 09:20:46:844
3.812,3.977,4.765,1.182,-3.346,0.496,398,2021-01-18 09:20:46:854
3.812,3.977,4.765,1.182,-3.346,0.496,407,2021-01-18 09:20:46:863
3.812,3.977,4.765,1.182,-3.346,0.496,417,2021-01-18 09:20:46:873
3.812,3.977,4.765,1.182,-3.346,0.496,428,2021-01-18 09:20:46:884
5.21,3.457,2.701,1.182,-3.346,0.496,438,2021-01-18 09:20:46:894
5.21,3.457,2.701,1.182,-3.346,0.496,448,2021-01-18 09:20:46:904
5.21,3.457,2.701,1.182,-3.346,0.496,458,2021-01-18 09:20:46:914
5.21,3.457,2.701,1.182,-3.346,0.496,468,2021-01-18 09:20:46:924
5.21,3.457,2.701,1.241,-2.242,-0.339,481,2021-01-18 09:20:46:937
5.21,3.457,2.701,1.241,-2.242,-0.339,488,2021-01-18 09:20:46:944
3.831,1.975,3.625,1.241,-2.242,-0.339,500,2021-01-18 09:20:46:956
3.831,1.975,3.625,1.241,-2.242,-0.339,507,2021-01-18 09:20:46:963
3.831,1.975,3.625,1.241,-2.242,-0.339,518,2021-01-18 09:20:46:974
3.831,1.975,3.625,1.241,-2.242,-0.339,529,2021-01-18 09:20:46:985
3.831,1.975,3.625,1.241,-2.242,-0.339,538,2021-01-18 09:20:46:994
3.831,1.975,3.625,1.241,-2.242,-0.339,547,2021-01-18 09:20:47:003
9.041,1.408,1.535,1.241,-2.242,-0.339,557,2021-01-18 09:20:47:013
9.041,1.408,1.535,1.241,-2.242,-0.339,568,2021-01-18 09:20:47:024
9.041,1.408,1.535,1.241,-2.242,-0.339,579,2021-01-18 09:20:47:035
9.041,1.408,1.535,1.241,-2.242,-0.339,588,2021-01-18 09:20:47:044
9.041,1.408,1.535,0.919,-3.4,2.076,598,2021-01-18 09:20:47:054
9.041,1.408,1.535,0.919,-3.4,2.076,607,2021-01-18 09:20:47:063
10.312,0.33,1.913,0.919,-3.4,2.076,619,2021-01-18 09:20:47:075
10.312,0.33,1.913,0.919,-3.4,2.076,628,2021-01-18 09:20:47:084
10.312,0.33,1.913,0.919,-3.4,2.076,638,2021-01-18 09:20:47:094
10.312,0.33,1.913,0.919,-3.4,2.076,647,2021-01-18 09:20:47:103
10.312,0.33,1.913,0.919,-3.4,2.076,658,2021-01-18 09:20:47:114
10.312,0.33,1.913,0.919,-3.4,2.076,667,2021-01-18 09:20:47:123
12.512,-0.017,2.03,0.919,-3.4,2.076,678,2021-01-18 09:20:47:134
12.512,-0.017,2.03,0.919,-3.4,2.076,688,2021-01-18 09:20:47:144
12.512,-0.017,2.03,0.919,-3.4,2.076,697,2021-01-18 09:20:47:153
12.512,-0.017,2.03,0.919,-3.4,2.076,708,2021-01-18 09:20:47:164
12.512,-0.017,2.03,0.919,-3.4,2.076,718,2021-01-18 09:20:47:174
12.512,-0.017,2.03,-0.31,-2.069,2.819,731,2021-01-18 09:20:47:187
13.042,-1.077,1.578,-0.31,-2.069,2.819,738,2021-01-18 09:20:47:194
13.042,-1.077,1.578,-0.31,-2.069,2.819,748,2021-01-18 09:20:47:204
13.042,-1.077,1.578,-0.31,-2.069,2.819,759,2021-01-18 09:20:47:215
13.042,-1.077,1.578,-0.31,-2.069,2.819,768,2021-01-18 09:20:47:224
13.042,-1.077,1.578,-0.31,-2.069,2.819,781,2021-01-18 09:20:47:237
13.042,-1.077,1.578,-0.31,-2.069,2.819,788,2021-01-18 09:20:47:244
12.781,-1.738,1.846,-0.31,-2.069,2.819,798,2021-01-18 09:20:47:254
12.781,-1.738,1.846,-0.31,-2.069,2.819,808,2021-01-18 09:20:47:264
12.781,-1.738,1.846,-0.31,-2.069,2.819,822,2021-01-18 09:20:47:278
12.781,-1.738,1.846,-0.31,-2.069,2.819,829,2021-01-18 09:20:47:285
12.781,-1.738,1.846,-1.186,-0.017,2.758,838,2021-01-18 09:20:47:294
12.781,-1.738,1.846,-1.186,-0.017,2.758,855,2021-01-18 09:20:47:311
13.243,-1.64,2.059,-1.186,-0.017,2.758,857,2021-01-18 09:20:47:313
13.243,-1.64,2.059,-1.186,-0.017,2.758,868,2021-01-18 09:20:47:324
13.243,-1.64,2.059,-1.186,-0.017,2.758,877,2021-01-18 09:20:47:333
13.243,-1.64,2.059,-1.186,-0.017,2.758,889,2021-01-18 09:20:47:345
13.243,-1.64,2.059,-1.186,-0.017,2.758,898,2021-01-18 09:20:47:354
13.243,-1.64,2.059,-1.186,-0.017,2.758,908,2021-01-18 09:20:47:364
13.504,-0.074,1.118,-1.186,-0.017,2.758,917,2021-01-18 09:20:47:373
13.504,-0.074,1.118,-1.186,-0.017,2.758,928,2021-01-18 09:20:47:384
13.504,-0.074,1.118,-1.186,-0.017,2.758,939,2021-01-18 09:20:47:395
13.504,-0.074,1.118,-1.186,-0.017,2.758,951,2021-01-18 09:20:47:407
13.504,-0.074,1.118,-0.215,0.228,2.306,958,2021-01-18 09:20:47:414
13.504,-0.074,1.118,-0.215,0.228,2.306,967,2021-01-18 09:20:47:423
13.259,0.256,0.127,-0.215,0.228,2.306,978,2021-01-18 09:20:47:434
13.259,0.256,0.127,-0.215,0.228,2.306,989,2021-01-18 09:20:47:445
13.259,0.256,0.127,-0.215,0.228,2.306,997,2021-01-18 09:20:47:453
13.259,0.256,0.127,-0.215,0.228,2.306,1009,2021-01-18 09:20:47:465
13.259,0.256,0.127,-0.215,0.228,2.306,1018,2021-01-18 09:20:47:474
13.259,0.256,0.127,-0.215,0.228,2.306,1027,2021-01-18 09:20:47:483
11.052,-0.864,-0.034,-0.215,0.228,2.306,1038,2021-01-18 09:20:47:494
11.052,-0.864,-0.034,-0.215,0.228,2.306,1048,2021-01-18 09:20:47:504
11.052,-0.864,-0.034,-0.215,0.228,2.306,1058,2021-01-18 09:20:47:514
11.052,-0.864,-0.034,-0.215,0.228,2.306,1067,2021-01-18 09:20:47:523
11.052,-0.864,-0.034,-0.129,0.344,0.55,1077,2021-01-18 09:20:47:533
11.052,-0.864,-0.034,-0.129,0.344,0.55,1088,2021-01-18 09:20:47:544
9.424,-2.61,-0.038,-0.129,0.344,0.55,1098,2021-01-18 09:20:47:554
9.424,-2.61,-0.038,-0.129,0.344,0.55,1107,2021-01-18 09:20:47:563
9.424,-2.61,-0.038,-0.129,0.344,0.55,1117,2021-01-18 09:20:47:573
9.424,-2.61,-0.038,-0.129,0.344,0.55,1127,2021-01-18 09:20:47:583
9.424,-2.61,-0.038,-0.129,0.344,0.55,1137,2021-01-18 09:20:47:593
9.424,-2.61,-0.038,-0.129,0.344,0.55,1148,2021-01-18 09:20:47:604
9.424,-2.61,-0.038,-0.129,0.344,0.55,1157,2021-01-18 09:20:47:613
9.424,-2.61,-0.038,-0.129,0.344,0.55,1167,2021-01-18 09:20:47:623
9.424,-2.61,-0.038,-0.129,0.344,0.55,1178,2021-01-18 09:20:47:634
9.424,-2.61,-0.038,-0.129,0.344,0.55,1187,2021-01-18 09:20:47:643
8.39,-3.666,-0.682,-0.202,0.164,-0.184,1197,2021-01-18 09:20:47:653
8.39,-3.666,-0.682,-0.202,0.164,-0.184,1208,2021-01-18 09:20:47:664
8.39,-3.666,-0.682,-0.202,0.164,-0.184,1217,2021-01-18 09:20:47:673
8.39,-3.666,-0.682,-0.202,0.164,-0.184,1228,2021-01-18 09:20:47:684
8.39,-3.666,-0.682,-0.202,0.164,-0.184,1238,2021-01-18 09:20:47:694
8.39,-3.666,-0.682,-0.202,0.164,-0.184,1248,2021-01-18 09:20:47:704
8.39,-3.666,-0.682,-0.202,0.164,-0.184,1257,2021-01-18 09:20:47:713
8.378,-4.623,-0.582,-0.351,0.199,-0.194,1268,2021-01-18 09:20:47:724
8.378,-4.623,-0.582,-0.351,0.199,-0.194,1277,2021-01-18 09:20:47:733
8.378,-4.623,-0.582,-0.351,0.199,-0.194,1287,2021-01-18 09:20:47:743
8.378,-4.623,-0.582,-0.351,0.199,-0.194,1298,2021-01-18 09:20:47:754
8.378,-4.623,-0.582,-0.351,0.199,-0.194,1307,2021-01-18 09:20:47:763
8.378,-4.623,-0.582,-0.351,0.199,-0.194,1318,2021-01-18 09:20:47:774
8.378,-4.623,-0.582,-0.351,0.199,-0.194,1327,2021-01-18 09:20:47:783
10.173,-4.729,-0.144,-0.351,0.199,-0.194,1338,2021-01-18 09:20:47:794
10.173,-4.729,-0.144,-0.351,0.199,-0.194,1347,2021-01-18 09:20:47:803
10.173,-4.729,-0.144,-0.351,0.199,-0.194,1358,2021-01-18 09:20:47:814
10.173,-4.729,-0.144,-0.351,0.199,-0.194,1367,2021-01-18 09:20:47:823
10.173,-4.729,-0.144,-0.339,0.319,0.173,1378,2021-01-18 09:20:47:834
10.173,-4.729,-0.144,-0.339,0.319,0.173,1388,2021-01-18 09:20:47:844
12.788,-7.422,-0.438,-0.339,0.319,0.173,1397,2021-01-18 09:20:47:853
12.788,-7.422,-0.438,-0.339,0.319,0.173,1408,2021-01-18 09:20:47:864
12.788,-7.422,-0.438,-0.339,0.319,0.173,1417,2021-01-18 09:20:47:873
12.788,-7.422,-0.438,-0.339,0.319,0.173,1427,2021-01-18 09:20:47:883
12.788,-7.422,-0.438,-0.339,0.319,0.173,1437,2021-01-18 09:20:47:893
12.788,-7.422,-0.438,-0.339,0.319,0.173,1447,2021-01-18 09:20:47:903
8.246,-5.653,1.113,-0.339,0.319,0.173,1457,2021-01-18 09:20:47:913
8.246,-5.653,1.113,-0.339,0.319,0.173,1467,2021-01-18 09:20:47:923
8.246,-5.653,1.113,-0.339,0.319,0.173,1478,2021-01-18 09:20:47:934
8.246,-5.653,1.113,-0.339,0.319,0.173,1487,2021-01-18 09:20:47:943
8.246,-5.653,1.113,0.199,-0.102,0.205,1498,2021-01-18 09:20:47:954
8.246,-5.653,1.113,0.199,-0.102,0.205,1507,2021-01-18 09:20:47:963
5.124,-4.664,-1.331,0.199,-0.102,0.205,1518,2021-01-18 09:20:47:974
5.124,-4.664,-1.331,0.199,-0.102,0.205,1527,2021-01-18 09:20:47:983
5.124,-4.664,-1.331,0.199,-0.102,0.205,1538,2021-01-18 09:20:47:994
5.124,-4.664,-1.331,0.199,-0.102,0.205,1547,2021-01-18 09:20:48:003
5.124,-4.664,-1.331,0.199,-0.102,0.205,1557,2021-01-18 09:20:48:013
5.124,-4.664,-1.331,0.199,-0.102,0.205,1568,2021-01-18 09:20:48:024
7.583,-5.741,1.027,0.199,-0.102,0.205,1577,2021-01-18 09:20:48:033
7.583,-5.741,1.027,0.199,-0.102,0.205,1587,2021-01-18 09:20:48:043
7.583,-5.741,1.027,0.199,-0.102,0.205,1598,2021-01-18 09:20:48:054
7.583,-5.741,1.027,0.199,-0.102,0.205,1607,2021-01-18 09:20:48:063
7.583,-5.741,1.027,0.77,-0.59,0.222,1617,2021-01-18 09:20:48:073
7.583,-5.741,1.027,0.77,-0.59,0.222,1627,2021-01-18 09:20:48:083
7.417,-6.307,2.1,0.77,-0.59,0.222,1637,2021-01-18 09:20:48:093
7.417,-6.307,2.1,0.77,-0.59,0.222,1648,2021-01-18 09:20:48:104
7.417,-6.307,2.1,0.77,-0.59,0.222,1657,2021-01-18 09:20:48:113
7.417,-6.307,2.1,0.77,-0.59,0.222,1668,2021-01-18 09:20:48:124
7.417,-6.307,2.1,0.77,-0.59,0.222,1677,2021-01-18 09:20:48:133
7.417,-6.307,2.1,0.77,-0.59,0.222,1687,2021-01-18 09:20:48:143
7.403,-5.955,2.243,0.77,-0.59,0.222,1698,2021-01-18 09:20:48:154
7.403,-5.955,2.243,0.77,-0.59,0.222,1707,2021-01-18 09:20:48:163
7.403,-5.955,2.243,0.77,-0.59,0.222,1717,2021-01-18 09:20:48:173
7.403,-5.955,2.243,0.77,-0.59,0.222,1728,2021-01-18 09:20:48:184
7.403,-5.955,2.243,-0.244,0.553,0.623,1737,2021-01-18 09:20:48:193
7.403,-5.955,2.243,-0.244,0.553,0.623,1747,2021-01-18 09:20:48:203
8.306,-4.209,0.505,-0.244,0.553,0.623,1757,2021-01-18 09:20:48:213
8.306,-4.209,0.505,-0.244,0.553,0.623,1767,2021-01-18 09:20:48:223
8.306,-4.209,0.505,-0.244,0.553,0.623,1777,2021-01-18 09:20:48:233
8.306,-4.209,0.505,-0.244,0.553,0.623,1787,2021-01-18 09:20:48:243
8.306,-4.209,0.505,-0.244,0.553,0.623,1798,2021-01-18 09:20:48:254
8.306,-4.209,0.505,-0.244,0.553,0.623,1807,2021-01-18 09:20:48:263
9.378,-3.316,0.771,-0.244,0.553,0.623,1817,2021-01-18 09:20:48:273
9.378,-3.316,0.771,-0.244,0.553,0.623,1827,2021-01-18 09:20:48:283
9.378,-3.316,0.771,-0.244,0.553,0.623,1837,2021-01-18 09:20:48:293
9.378,-3.316,0.771,-0.244,0.553,0.623,1848,2021-01-18 09:20:48:304
9.378,-3.316,0.771,-1.009,1.292,0.591,1858,2021-01-18 09:20:48:314
9.378,-3.316,0.771,-1.009,1.292,0.591,1867,2021-01-18 09:20:48:323
8.775,-3.563,0.541,-1.009,1.292,0.591,1878,2021-01-18 09:20:48:334
8.775,-3.563,0.541,-1.009,1.292,0.591,1887,2021-01-18 09:20:48:343
8.775,-3.563,0.541,-1.009,1.292,0.591,1897,2021-01-18 09:20:48:353
8.775,-3.563,0.541,-1.009,1.292,0.591,1907,2021-01-18 09:20:48:363
8.775,-3.563,0.541,-1.009,1.292,0.591,1917,2021-01-18 09:20:48:373
8.775,-3.563,0.541,-1.009,1.292,0.591,1928,2021-01-18 09:20:48:384
9.072,-4.508,0.833,-1.009,1.292,0.591,1937,2021-01-18 09:20:48:393
9.072,-4.508,0.833,-1.009,1.292,0.591,1948,2021-01-18 09:20:48:404
9.072,-4.508,0.833,-1.009,1.292,0.591,1957,2021-01-18 09:20:48:413
9.072,-4.508,0.833,-1.009,1.292,0.591,1968,2021-01-18 09:20:48:424
9.072,-4.508,0.833,-0.026,-0.362,-0.232,1977,2021-01-18 09:20:48:433
9.072,-4.508,0.833,-0.026,-0.362,-0.232,1987,2021-01-18 09:20:48:443
10.41,-6.216,2.299,-0.026,-0.362,-0.232,1997,2021-01-18 09:20:48:453
10.41,-6.216,2.299,-0.026,-0.362,-0.232,2008,2021-01-18 09:20:48:464
10.41,-6.216,2.299,-0.026,-0.362,-0.232,2017,2021-01-18 09:20:48:473
10.41,-6.216,2.299,-0.026,-0.362,-0.232,2028,2021-01-18 09:20:48:484
10.41,-6.216,2.299,-0.026,-0.362,-0.232,2037,2021-01-18 09:20:48:493
10.41,-6.216,2.299,-0.026,-0.362,-0.232,2047,2021-01-18 09:20:48:503
12.68,-7.774,2.327,-0.026,-0.362,-0.232,2058,2021-01-18 09:20:48:514
12.68,-7.774,2.327,-0.026,-0.362,-0.232,2067,2021-01-18 09:20:48:523
12.68,-7.774,2.327,-0.026,-0.362,-0.232,2078,2021-01-18 09:20:48:534
12.68,-7.774,2.327,-0.026,-0.362,-0.232,2087,2021-01-18 09:20:48:543
12.68,-7.774,2.327,-0.747,-0.421,-0.536,2097,2021-01-18 09:20:48:553
12.68,-7.774,2.327,-0.747,-0.421,-0.536,2107,2021-01-18 09:20:48:563
6.366,-1.93,2.521,-0.747,-0.421,-0.536,2118,2021-01-18 09:20:48:574
6.366,-1.93,2.521,-0.747,-0.421,-0.536,2127,2021-01-18 09:20:48:583
6.366,-1.93,2.521,-0.747,-0.421,-0.536,2138,2021-01-18 09:20:48:594
6.366,-1.93,2.521,-0.747,-0.421,-0.536,2147,2021-01-18 09:20:48:603
6.366,-1.93,2.521,-0.747,-0.421,-0.536,2157,2021-01-18 09:20:48:613
6.366,-1.93,2.521,-0.747,-0.421,-0.536,2167,2021-01-18 09:20:48:623
6.783,-3.718,-0.51,-0.747,-0.421,-0.536,2178,2021-01-18 09:20:48:634
6.783,-3.718,-0.51,-0.747,-0.421,-0.536,2187,2021-01-18 09:20:48:643
6.783,-3.718,-0.51,-0.747,-0.421,-0.536,2198,2021-01-18 09:20:48:654
6.783,-3.718,-0.51,-0.747,-0.421,-0.536,2207,2021-01-18 09:20:48:663
6.783,-3.718,-0.51,-0.173,0.97,-0.81,2217,2021-01-18 09:20:48:673
6.783,-3.718,-0.51,-0.173,0.97,-0.81,2227,2021-01-18 09:20:48:683
9.321,-6.467,-0.208,-0.173,0.97,-0.81,2238,2021-01-18 09:20:48:694
9.321,-6.467,-0.208,-0.173,0.97,-0.81,2247,2021-01-18 09:20:48:703
9.321,-6.467,-0.208,-0.173,0.97,-0.81,2257,2021-01-18 09:20:48:713
9.321,-6.467,-0.208,-0.173,0.97,-0.81,2268,2021-01-18 09:20:48:724
9.321,-6.467,-0.208,-0.173,0.97,-0.81,2277,2021-01-18 09:20:48:733
9.321,-6.467,-0.208,-0.173,0.97,-0.81,2287,2021-01-18 09:20:48:743
8.689,-6.019,2.382,-0.173,0.97,-0.81,2298,2021-01-18 09:20:48:754
8.689,-6.019,2.382,-0.173,0.97,-0.81,2307,2021-01-18 09:20:48:763
8.689,-6.019,2.382,-0.173,0.97,-0.81,2317,2021-01-18 09:20:48:773
8.689,-6.019,2.382,-0.173,0.97,-0.81,2328,2021-01-18 09:20:48:784
8.689,-6.019,2.382,-0.229,-0.515,-0.939,2337,2021-01-18 09:20:48:793
8.689,-6.019,2.382,-0.229,-0.515,-0.939,2347,2021-01-18 09:20:48:803
6.805,-3.836,-0.838,-0.229,-0.515,-0.939,2358,2021-01-18 09:20:48:814
6.805,-3.836,-0.838,-0.229,-0.515,-0.939,2367,2021-01-18 09:20:48:823
6.805,-3.836,-0.838,-0.229,-0.515,-0.939,2378,2021-01-18 09:20:48:834
6.805,-3.836,-0.838,-0.229,-0.515,-0.939,2387,2021-01-18 09:20:48:843
6.805,-3.836,-0.838,-0.229,-0.515,-0.939,2398,2021-01-18 09:20:48:854
6.805,-3.836,-0.838,-0.229,-0.515,-0.939,2407,2021-01-18 09:20:48:863
5.492,-4.111,-1.884,-0.229,-0.515,-0.939,2417,2021-01-18 09:20:48:873
5.492,-4.111,-1.884,-0.229,-0.515,-0.939,2428,2021-01-18 09:20:48:884
5.492,-4.111,-1.884,-0.229,-0.515,-0.939,2437,2021-01-18 09:20:48:893
5.492,-4.111,-1.884,-0.229,-0.515,-0.939,2447,2021-01-18 09:20:48:903
5.492,-4.111,-1.884,0.531,-0.414,-0.197,2457,2021-01-18 09:20:48:913
5.492,-4.111,-1.884,0.531,-0.414,-0.197,2468,2021-01-18 09:20:48:924
7.449,-4.611,0.606,0.531,-0.414,-0.197,2477,2021-01-18 09:20:48:933
7.449,-4.611,0.606,0.531,-0.414,-0.197,2487,2021-01-18 09:20:48:943
7.449,-4.611,0.606,0.531,-0.414,-0.197,2498,2021-01-18 09:20:48:954
7.449,-4.611,0.606,0.531,-0.414,-0.197,2507,2021-01-18 09:20:48:963
7.449,-4.611,0.606,0.531,-0.414,-0.197,2517,2021-01-18 09:20:48:973
7.449,-4.611,0.606,0.531,-0.414,-0.197,2528,2021-01-18 09:20:48:984
10.537,-5.136,0.912,0.531,-0.414,-0.197,2537,2021-01-18 09:20:48:993
10.537,-5.136,0.912,0.531,-0.414,-0.197,2547,2021-01-18 09:20:49:003
10.537,-5.136,0.912,0.531,-0.414,-0.197,2558,2021-01-18 09:20:49:014
10.537,-5.136,0.912,0.531,-0.414,-0.197,2567,2021-01-18 09:20:49:023
10.537,-5.136,0.912,-0.466,-0.26,0.636,2577,2021-01-18 09:20:49:033
10.537,-5.136,0.912,-0.466,-0.26,0.636,2588,2021-01-18 09:20:49:044
12.493,-4.106,0.311,-0.466,-0.26,0.636,2597,2021-01-18 09:20:49:053
12.493,-4.106,0.311,-0.466,-0.26,0.636,2607,2021-01-18 09:20:49:063
12.493,-4.106,0.311,-0.466,-0.26,0.636,2618,2021-01-18 09:20:49:074
12.493,-4.106,0.311,-0.466,-0.26,0.636,2627,2021-01-18 09:20:49:083
12.493,-4.106,0.311,-0.466,-0.26,0.636,2637,2021-01-18 09:20:49:093
12.493,-4.106,0.311,-0.466,-0.26,0.636,2648,2021-01-18 09:20:49:104
12.716,-4.978,0.12,-0.466,-0.26,0.636,2658,2021-01-18 09:20:49:114
12.716,-4.978,0.12,-0.466,-0.26,0.636,2667,2021-01-18 09:20:49:123
12.716,-4.978,0.12,-0.466,-0.26,0.636,2678,2021-01-18 09:20:49:134
12.716,-4.978,0.12,-0.466,-0.26,0.636,2687,2021-01-18 09:20:49:143
12.716,-4.978,0.12,-0.37,-0.121,0.439,2697,2021-01-18 09:20:49:153
12.716,-4.978,0.12,-0.37,-0.121,0.439,2707,2021-01-18 09:20:49:163
8.871,-1.604,0.213,-0.37,-0.121,0.439,2718,2021-01-18 09:20:49:174
8.871,-1.604,0.213,-0.37,-0.121,0.439,2727,2021-01-18 09:20:49:183
8.871,-1.604,0.213,-0.37,-0.121,0.439,2737,2021-01-18 09:20:49:193
8.871,-1.604,0.213,-0.37,-0.121,0.439,2748,2021-01-18 09:20:49:204
8.871,-1.604,0.213,-0.37,-0.121,0.439,2758,2021-01-18 09:20:49:214
8.871,-1.604,0.213,-0.37,-0.121,0.439,2767,2021-01-18 09:20:49:223
7.054,-4.743,0.867,-0.37,-0.121,0.439,2777,2021-01-18 09:20:49:233
7.054,-4.743,0.867,-0.37,-0.121,0.439,2787,2021-01-18 09:20:49:243
7.054,-4.743,0.867,-0.37,-0.121,0.439,2798,2021-01-18 09:20:49:254
7.054,-4.743,0.867,-0.37,-0.121,0.439,2808,2021-01-18 09:20:49:264
7.054,-4.743,0.867,0.33,-0.337,-0.804,2817,2021-01-18 09:20:49:273
7.054,-4.743,0.867,0.33,-0.337,-0.804,2827,2021-01-18 09:20:49:283
7.975,-5.864,0.778,0.33,-0.337,-0.804,2838,2021-01-18 09:20:49:294
7.975,-5.864,0.778,0.33,-0.337,-0.804,2847,2021-01-18 09:20:49:303
7.975,-5.864,0.778,0.33,-0.337,-0.804,2857,2021-01-18 09:20:49:313
7.975,-5.864,0.778,0.33,-0.337,-0.804,2867,2021-01-18 09:20:49:323
7.975,-5.864,0.778,0.33,-0.337,-0.804,2878,2021-01-18 09:20:49:334
7.975,-5.864,0.778,0.33,-0.337,-0.804,2887,2021-01-18 09:20:49:343
7.224,-5.418,1.484,0.33,-0.337,-0.804,2897,2021-01-18 09:20:49:353
7.224,-5.418,1.484,0.33,-0.337,-0.804,2907,2021-01-18 09:20:49:363
7.224,-5.418,1.484,0.33,-0.337,-0.804,2918,2021-01-18 09:20:49:374
7.224,-5.418,1.484,0.33,-0.337,-0.804,2927,2021-01-18 09:20:49:383
7.224,-5.418,1.484,0.798,-0.772,-0.421,2937,2021-01-18 09:20:49:393
7.224,-5.418,1.484,0.798,-0.772,-0.421,2947,2021-01-18 09:20:49:403
7.439,-4.188,0.649,0.798,-0.772,-0.421,2958,2021-01-18 09:20:49:414
7.439,-4.188,0.649,0.798,-0.772,-0.421,2967,2021-01-18 09:20:49:423
7.439,-4.188,0.649,0.798,-0.772,-0.421,2977,2021-01-18 09:20:49:433
7.439,-4.188,0.649,0.798,-0.772,-0.421,2987,2021-01-18 09:20:49:443
7.439,-4.188,0.649,0.798,-0.772,-0.421,2998,2021-01-18 09:20:49:454
7.439,-4.188,0.649,0.798,-0.772,-0.421,3007,2021-01-18 09:20:49:463
7.092,-4.027,0.711,0.798,-0.772,-0.421,3017,2021-01-18 09:20:49:473
7.092,-4.027,0.711,0.798,-0.772,-0.421,3027,2021-01-18 09:20:49:483
7.092,-4.027,0.711,0.798,-0.772,-0.421,3037,2021-01-18 09:20:49:493
7.092,-4.027,0.711,0.798,-0.772,-0.421,3047,2021-01-18 09:20:49:503
7.092,-4.027,0.711,0.798,-0.772,-0.421,3057,2021-01-18 09:20:49:513
7.092,-4.027,0.711,0.798,-0.772,-0.421,3067,2021-01-18 09:20:49:523
7.259,-4.166,-0.029,0.426,-0.215,-0.095,3077,2021-01-18 09:20:49:533
7.259,-4.166,-0.029,0.426,-0.215,-0.095,3087,2021-01-18 09:20:49:543
7.259,-4.166,-0.029,0.426,-0.215,-0.095,3098,2021-01-18 09:20:49:554
7.259,-4.166,-0.029,0.426,-0.215,-0.095,3107,2021-01-18 09:20:49:563
7.259,-4.166,-0.029,0.426,-0.215,-0.095,3118,2021-01-18 09:20:49:574
7.259,-4.166,-0.029,0.426,-0.215,-0.095,3127,2021-01-18 09:20:49:583
9.898,-5.145,-0.891,0.426,-0.215,-0.095,3137,2021-01-18 09:20:49:593
9.898,-5.145,-0.891,0.426,-0.215,-0.095,3148,2021-01-18 09:20:49:604
9.898,-5.145,-0.891,0.426,-0.215,-0.095,3158,2021-01-18 09:20:49:614
9.898,-5.145,-0.891,0.426,-0.215,-0.095,3167,2021-01-18 09:20:49:623
9.898,-5.145,-0.891,0.269,-0.222,0.123,3178,2021-01-18 09:20:49:634
9.898,-5.145,-0.891,0.269,-0.222,0.123,3188,2021-01-18 09:20:49:644
10.401,-4.52,-0.022,0.269,-0.222,0.123,3197,2021-01-18 09:20:49:653
10.401,-4.52,-0.022,0.269,-0.222,0.123,3207,2021-01-18 09:20:49:663
10.401,-4.52,-0.022,0.269,-0.222,0.123,3218,2021-01-18 09:20:49:674
10.401,-4.52,-0.022,0.269,-0.222,0.123,3227,2021-01-18 09:20:49:683
10.401,-4.52,-0.022,0.269,-0.222,0.123,3238,2021-01-18 09:20:49:694
10.401,-4.52,-0.022,0.269,-0.222,0.123,3247,2021-01-18 09:20:49:703
12.766,-5.701,0.067,0.269,-0.222,0.123,3257,2021-01-18 09:20:49:713
12.766,-5.701,0.067,0.269,-0.222,0.123,3269,2021-01-18 09:20:49:725
12.766,-5.701,0.067,0.269,-0.222,0.123,3277,2021-01-18 09:20:49:733
12.766,-5.701,0.067,0.269,-0.222,0.123,3287,2021-01-18 09:20:49:743
12.766,-5.701,0.067,-1.139,0.393,0.323,3299,2021-01-18 09:20:49:755
12.766,-5.701,0.067,-1.139,0.393,0.323,3308,2021-01-18 09:20:49:764
8.136,-0.682,2.617,-1.139,0.393,0.323,3318,2021-01-18 09:20:49:774
8.136,-0.682,2.617,-1.139,0.393,0.323,3328,2021-01-18 09:20:49:784
8.136,-0.682,2.617,-1.139,0.393,0.323,3338,2021-01-18 09:20:49:794
8.136,-0.682,2.617,-1.139,0.393,0.323,3347,2021-01-18 09:20:49:803
8.136,-0.682,2.617,-1.139,0.393,0.323,3357,2021-01-18 09:20:49:813
8.136,-0.682,2.617,-1.139,0.393,0.323,3368,2021-01-18 09:20:49:824
9.223,-3.666,0.053,-1.139,0.393,0.323,3377,2021-01-18 09:20:49:833
9.223,-3.666,0.053,-1.139,0.393,0.323,3387,2021-01-18 09:20:49:843
9.223,-3.666,0.053,-1.139,0.393,0.323,3398,2021-01-18 09:20:49:854
9.223,-3.666,0.053,-1.139,0.393,0.323,3407,2021-01-18 09:20:49:863
9.223,-3.666,0.053,1.43,-0.193,-0.489,3417,2021-01-18 09:20:49:873
9.223,-3.666,0.053,1.43,-0.193,-0.489,3427,2021-01-18 09:20:49:883
9.67,-3.936,-0.797,1.43,-0.193,-0.489,3439,2021-01-18 09:20:49:895
9.67,-3.936,-0.797,1.43,-0.193,-0.489,3448,2021-01-18 09:20:49:904
9.67,-3.936,-0.797,1.43,-0.193,-0.489,3457,2021-01-18 09:20:49:913
9.67,-3.936,-0.797,1.43,-0.193,-0.489,3467,2021-01-18 09:20:49:923
9.67,-3.936,-0.797,1.43,-0.193,-0.489,3478,2021-01-18 09:20:49:934
9.67,-3.936,-0.797,1.43,-0.193,-0.489,3488,2021-01-18 09:20:49:944
7.717,-4.116,0.414,1.43,-0.193,-0.489,3498,2021-01-18 09:20:49:954
7.717,-4.116,0.414,1.43,-0.193,-0.489,3507,2021-01-18 09:20:49:963
7.717,-4.116,0.414,1.43,-0.193,-0.489,3519,2021-01-18 09:20:49:975
7.717,-4.116,0.414,1.43,-0.193,-0.489,3527,2021-01-18 09:20:49:983
7.717,-4.116,0.414,-0.308,0.727,-0.726,3537,2021-01-18 09:20:49:993
7.717,-4.116,0.414,-0.308,0.727,-0.726,3556,2021-01-18 09:20:50:012
7.717,-4.116,0.414,-0.308,0.727,-0.726,3557,2021-01-18 09:20:50:013
7.116,-3.51,-0.196,-0.308,0.727,-0.726,3567,2021-01-18 09:20:50:023
7.116,-3.51,-0.196,-0.308,0.727,-0.726,3578,2021-01-18 09:20:50:034
7.116,-3.51,-0.196,-0.308,0.727,-0.726,3587,2021-01-18 09:20:50:043
7.116,-3.51,-0.196,-0.308,0.727,-0.726,3597,2021-01-18 09:20:50:053
7.116,-3.51,-0.196,-0.308,0.727,-0.726,3608,2021-01-18 09:20:50:064
6.417,-3.651,-0.455,-0.308,0.727,-0.726,3617,2021-01-18 09:20:50:073
6.417,-3.651,-0.455,-0.308,0.727,-0.726,3627,2021-01-18 09:20:50:083
6.417,-3.651,-0.455,-0.308,0.727,-0.726,3638,2021-01-18 09:20:50:094
6.417,-3.651,-0.455,-0.308,0.727,-0.726,3647,2021-01-18 09:20:50:103
6.417,-3.651,-0.455,0.677,-0.202,-0.25,3657,2021-01-18 09:20:50:113
6.417,-3.651,-0.455,0.677,-0.202,-0.25,3668,2021-01-18 09:20:50:124
7.65,-4.065,-0.208,0.677,-0.202,-0.25,3677,2021-01-18 09:20:50:133
7.65,-4.065,-0.208,0.677,-0.202,-0.25,3687,2021-01-18 09:20:50:143
7.65,-4.065,-0.208,0.677,-0.202,-0.25,3698,2021-01-18 09:20:50:154
7.65,-4.065,-0.208,0.677,-0.202,-0.25,3707,2021-01-18 09:20:50:163
7.65,-4.065,-0.208,0.677,-0.202,-0.25,3717,2021-01-18 09:20:50:173
7.65,-4.065,-0.208,0.677,-0.202,-0.25,3728,2021-01-18 09:20:50:184
10.202,-4.575,-0.041,0.677,-0.202,-0.25,3737,2021-01-18 09:20:50:193
10.202,-4.575,-0.041,0.677,-0.202,-0.25,3748,2021-01-18 09:20:50:204
10.202,-4.575,-0.041,0.677,-0.202,-0.25,3757,2021-01-18 09:20:50:213
10.202,-4.575,-0.041,0.677,-0.202,-0.25,3767,2021-01-18 09:20:50:223
10.202,-4.575,-0.041,-0.043,-0.114,0.443,3778,2021-01-18 09:20:50:234
10.202,-4.575,-0.041,-0.043,-0.114,0.443,3787,2021-01-18 09:20:50:243
12.745,-5.497,0.426,-0.043,-0.114,0.443,3797,2021-01-18 09:20:50:253
12.745,-5.497,0.426,-0.043,-0.114,0.443,3808,2021-01-18 09:20:50:264
12.745,-5.497,0.426,-0.043,-0.114,0.443,3817,2021-01-18 09:20:50:273
12.745,-5.497,0.426,-0.043,-0.114,0.443,3827,2021-01-18 09:20:50:283
12.745,-5.497,0.426,-0.043,-0.114,0.443,3837,2021-01-18 09:20:50:293
12.745,-5.497,0.426,-0.043,-0.114,0.443,3848,2021-01-18 09:20:50:304
12.673,-3.879,0.46,-0.043,-0.114,0.443,3857,2021-01-18 09:20:50:313
12.673,-3.879,0.46,-0.043,-0.114,0.443,3867,2021-01-18 09:20:50:323
12.673,-3.879,0.46,-0.043,-0.114,0.443,3878,2021-01-18 09:20:50:334
12.673,-3.879,0.46,-0.043,-0.114,0.443,3887,2021-01-18 09:20:50:343
12.673,-3.879,0.46,-0.344,0.308,0.628,3897,2021-01-18 09:20:50:353
12.673,-3.879,0.46,-0.344,0.308,0.628,3908,2021-01-18 09:20:50:364
9.263,-1.875,-0.278,-0.344,0.308,0.628,3917,2021-01-18 09:20:50:373
9.263,-1.875,-0.278,-0.344,0.308,0.628,3927,2021-01-18 09:20:50:383
9.263,-1.875,-0.278,-0.344,0.308,0.628,3938,2021-01-18 09:20:50:394
9.263,-1.875,-0.278,-0.344,0.308,0.628,3948,2021-01-18 09:20:50:404
9.263,-1.875,-0.278,-0.344,0.308,0.628,3957,2021-01-18 09:20:50:413
9.263,-1.875,-0.278,-0.344,0.308,0.628,3967,2021-01-18 09:20:50:423
8.423,-5.495,0.06,-0.344,0.308,0.628,3978,2021-01-18 09:20:50:434
8.423,-5.495,0.06,-0.344,0.308,0.628,3987,2021-01-18 09:20:50:443
8.423,-5.495,0.06,-0.344,0.308,0.628,3998,2021-01-18 09:20:50:454
8.423,-5.495,0.06,-0.344,0.308,0.628,4007,2021-01-18 09:20:50:463
8.423,-5.495,0.06,0.958,-0.796,-0.687,4017,2021-01-18 09:20:50:473
8.423,-5.495,0.06,0.958,-0.796,-0.687,4028,2021-01-18 09:20:50:484
8.425,-3.982,1.573,0.958,-0.796,-0.687,4038,2021-01-18 09:20:50:494
8.425,-3.982,1.573,0.958,-0.796,-0.687,4047,2021-01-18 09:20:50:503
8.425,-3.982,1.573,0.958,-0.796,-0.687,4057,2021-01-18 09:20:50:513
8.425,-3.982,1.573,0.958,-0.796,-0.687,4068,2021-01-18 09:20:50:524
8.425,-3.982,1.573,0.958,-0.796,-0.687,4077,2021-01-18 09:20:50:533
8.425,-3.982,1.573,0.958,-0.796,-0.687,4087,2021-01-18 09:20:50:543
7.18,-4.228,1.487,0.958,-0.796,-0.687,4098,2021-01-18 09:20:50:554
7.18,-4.228,1.487,0.958,-0.796,-0.687,4107,2021-01-18 09:20:50:563
7.18,-4.228,1.487,0.958,-0.796,-0.687,4118,2021-01-18 09:20:50:574
7.18,-4.228,1.487,0.958,-0.796,-0.687,4127,2021-01-18 09:20:50:583
7.18,-4.228,1.487,0.628,-0.485,-0.264,4139,2021-01-18 09:20:50:595
7.18,-4.228,1.487,0.628,-0.485,-0.264,4147,2021-01-18 09:20:50:603
8.05,-3.067,0.927,0.628,-0.485,-0.264,4157,2021-01-18 09:20:50:613
8.05,-3.067,0.927,0.628,-0.485,-0.264,4167,2021-01-18 09:20:50:623
8.05,-3.067,0.927,0.628,-0.485,-0.264,4177,2021-01-18 09:20:50:633
8.05,-3.067,0.927,0.628,-0.485,-0.264,4188,2021-01-18 09:20:50:644
8.05,-3.067,0.927,0.628,-0.485,-0.264,4197,2021-01-18 09:20:50:653
8.05,-3.067,0.927,0.628,-0.485,-0.264,4207,2021-01-18 09:20:50:663
8.54,-3.122,1.252,0.628,-0.485,-0.264,4218,2021-01-18 09:20:50:674
8.54,-3.122,1.252,0.628,-0.485,-0.264,4227,2021-01-18 09:20:50:683
8.54,-3.122,1.252,0.628,-0.485,-0.264,4237,2021-01-18 09:20:50:693
8.54,-3.122,1.252,0.628,-0.485,-0.264,4248,2021-01-18 09:20:50:704
8.54,-3.122,1.252,0.853,-0.576,0.067,4257,2021-01-18 09:20:50:713
8.54,-3.122,1.252,0.853,-0.576,0.067,4267,2021-01-18 09:20:50:723
8.998,-2.962,0.572,0.853,-0.576,0.067,4278,2021-01-18 09:20:50:734
8.998,-2.962,0.572,0.853,-0.576,0.067,4287,2021-01-18 09:20:50:743
8.998,-2.962,0.572,0.853,-0.576,0.067,4298,2021-01-18 09:20:50:754
8.998,-2.962,0.572,0.853,-0.576,0.067,4307,2021-01-18 09:20:50:763
8.998,-2.962,0.572,0.853,-0.576,0.067,4317,2021-01-18 09:20:50:773
8.998,-2.962,0.572,0.853,-0.576,0.067,4328,2021-01-18 09:20:50:784
9.235,-3.816,0.57,0.853,-0.576,0.067,4337,2021-01-18 09:20:50:793
9.235,-3.816,0.57,0.853,-0.576,0.067,4347,2021-01-18 09:20:50:803
9.235,-3.816,0.57,0.853,-0.576,0.067,4357,2021-01-18 09:20:50:813
9.235,-3.816,0.57,0.853,-0.576,0.067,4368,2021-01-18 09:20:50:824
9.235,-3.816,0.57,0.519,-0.295,-0.007,4377,2021-01-18 09:20:50:833
9.235,-3.816,0.57,0.519,-0.295,-0.007,4387,2021-01-18 09:20:50:843
10.884,-4.786,-0.096,0.519,-0.295,-0.007,4398,2021-01-18 09:20:50:854
10.884,-4.786,-0.096,0.519,-0.295,-0.007,4407,2021-01-18 09:20:50:863
10.884,-4.786,-0.096,0.519,-0.295,-0.007,4417,2021-01-18 09:20:50:873
10.884,-4.786,-0.096,0.519,-0.295,-0.007,4428,2021-01-18 09:20:50:884
10.884,-4.786,-0.096,0.519,-0.295,-0.007,4437,2021-01-18 09:20:50:893
10.884,-4.786,-0.096,0.519,-0.295,-0.007,4447,2021-01-18 09:20:50:903
11.849,-5.018,0.278,0.519,-0.295,-0.007,4458,2021-01-18 09:20:50:914
11.849,-5.018,0.278,0.519,-0.295,-0.007,4468,2021-01-18 09:20:50:924
11.849,-5.018,0.278,0.519,-0.295,-0.007,4478,2021-01-18 09:20:50:934
11.849,-5.018,0.278,0.519,-0.295,-0.007,4488,2021-01-18 09:20:50:944
11.849,-5.018,0.278,0.371,-0.401,0.485,4498,2021-01-18 09:20:50:954
8.583,0.189,0.979,0.371,-0.401,0.485,4517,2021-01-18 09:20:50:973
8.583,0.189,0.979,0.371,-0.401,0.485,4519,2021-01-18 09:20:50:975
8.583,0.189,0.979,0.371,-0.401,0.485,4527,2021-01-18 09:20:50:983
8.583,0.189,0.979,0.371,-0.401,0.485,4538,2021-01-18 09:20:50:994
8.583,0.189,0.979,0.371,-0.401,0.485,4548,2021-01-18 09:20:51:004
8.583,0.189,0.979,0.371,-0.401,0.485,4559,2021-01-18 09:20:51:015
8.583,0.189,0.979,0.371,-0.401,0.485,4567,2021-01-18 09:20:51:023
8.744,-4.805,-0.103,0.371,-0.401,0.485,4577,2021-01-18 09:20:51:033
8.744,-4.805,-0.103,0.371,-0.401,0.485,4587,2021-01-18 09:20:51:043
8.744,-4.805,-0.103,0.371,-0.401,0.485,4598,2021-01-18 09:20:51:054
8.744,-4.805,-0.103,0.371,-0.401,0.485,4607,2021-01-18 09:20:51:063
8.744,-4.805,-0.103,1.815,-0.92,-0.635,4617,2021-01-18 09:20:51:073
8.744,-4.805,-0.103,1.815,-0.92,-0.635,4627,2021-01-18 09:20:51:083
10.001,-4.384,-0.201,1.815,-0.92,-0.635,4637,2021-01-18 09:20:51:093
10.001,-4.384,-0.201,1.815,-0.92,-0.635,4647,2021-01-18 09:20:51:103
10.001,-4.384,-0.201,1.815,-0.92,-0.635,4659,2021-01-18 09:20:51:115
10.001,-4.384,-0.201,1.815,-0.92,-0.635,4667,2021-01-18 09:20:51:123
10.001,-4.384,-0.201,1.815,-0.92,-0.635,4677,2021-01-18 09:20:51:133
10.001,-4.384,-0.201,1.815,-0.92,-0.635,4687,2021-01-18 09:20:51:143
8.457,-4.769,1.75,1.815,-0.92,-0.635,4698,2021-01-18 09:20:51:154
8.457,-4.769,1.75,1.815,-0.92,-0.635,4708,2021-01-18 09:20:51:164
8.457,-4.769,1.75,1.815,-0.92,-0.635,4718,2021-01-18 09:20:51:174
8.457,-4.769,1.75,1.815,-0.92,-0.635,4728,2021-01-18 09:20:51:184
8.457,-4.769,1.75,0.761,-0.335,-0.44,4737,2021-01-18 09:20:51:193
8.457,-4.769,1.75,0.761,-0.335,-0.44,4750,2021-01-18 09:20:51:206
7.264,-4.049,0.579,0.761,-0.335,-0.44,4759,2021-01-18 09:20:51:215
7.264,-4.049,0.579,0.761,-0.335,-0.44,4768,2021-01-18 09:20:51:224
7.264,-4.049,0.579,0.761,-0.335,-0.44,4778,2021-01-18 09:20:51:234
7.264,-4.049,0.579,0.761,-0.335,-0.44,4788,2021-01-18 09:20:51:244
7.264,-4.049,0.579,0.761,-0.335,-0.44,4798,2021-01-18 09:20:51:254
7.264,-4.049,0.579,0.761,-0.335,-0.44,4808,2021-01-18 09:20:51:264
6.828,-4.14,0.256,0.761,-0.335,-0.44,4817,2021-01-18 09:20:51:273
6.828,-4.14,0.256,0.761,-0.335,-0.44,4828,2021-01-18 09:20:51:284
6.828,-4.14,0.256,0.761,-0.335,-0.44,4837,2021-01-18 09:20:51:293
6.828,-4.14,0.256,0.761,-0.335,-0.44,4848,2021-01-18 09:20:51:304
6.828,-4.14,0.256,1.597,-0.614,-0.16,4858,2021-01-18 09:20:51:314
6.828,-4.14,0.256,1.597,-0.614,-0.16,4867,2021-01-18 09:20:51:323
7.496,-3.632,-0.493,1.597,-0.614,-0.16,4878,2021-01-18 09:20:51:334
7.496,-3.632,-0.493,1.597,-0.614,-0.16,4888,2021-01-18 09:20:51:344
7.496,-3.632,-0.493,1.597,-0.614,-0.16,4898,2021-01-18 09:20:51:354
7.496,-3.632,-0.493,1.597,-0.614,-0.16,4909,2021-01-18 09:20:51:365
7.496,-3.632,-0.493,1.597,-0.614,-0.16,4917,2021-01-18 09:20:51:373
7.496,-3.632,-0.493,1.597,-0.614,-0.16,4928,2021-01-18 09:20:51:384
8.078,-4.018,0.29,1.597,-0.614,-0.16,4938,2021-01-18 09:20:51:394
8.078,-4.018,0.29,1.597,-0.614,-0.16,4948,2021-01-18 09:20:51:404
8.078,-4.018,0.29,1.597,-0.614,-0.16,4957,2021-01-18 09:20:51:413
8.078,-4.018,0.29,1.597,-0.614,-0.16,4967,2021-01-18 09:20:51:423
8.078,-4.018,0.29,0.825,-0.361,0.273,4978,2021-01-18 09:20:51:434
8.078,-4.018,0.29,0.825,-0.361,0.273,4987,2021-01-18 09:20:51:443
10.133,-4.762,-0.579,0.825,-0.361,0.273,4997,2021-01-18 09:20:51:453
10.133,-4.762,-0.579,0.825,-0.361,0.273,5008,2021-01-18 09:20:51:464
10.133,-4.762,-0.579,0.825,-0.361,0.273,5018,2021-01-18 09:20:51:474
10.133,-4.762,-0.579,0.825,-0.361,0.273,5028,2021-01-18 09:20:51:484
10.133,-4.762,-0.579,0.825,-0.361,0.273,5038,2021-01-18 09:20:51:494
10.133,-4.762,-0.579,0.825,-0.361,0.273,5048,2021-01-18 09:20:51:504
13.137,-5.979,-0.737,0.825,-0.361,0.273,5057,2021-01-18 09:20:51:513
13.137,-5.979,-0.737,0.825,-0.361,0.273,5067,2021-01-18 09:20:51:523
13.137,-5.979,-0.737,0.825,-0.361,0.273,5077,2021-01-18 09:20:51:533
13.137,-5.979,-0.737,0.825,-0.361,0.273,5088,2021-01-18 09:20:51:544
13.137,-5.979,-0.737,0.544,-0.212,0.662,5098,2021-01-18 09:20:51:554
13.137,-5.979,-0.737,0.544,-0.212,0.662,5108,2021-01-18 09:20:51:564
12.139,-2.902,0.199,0.544,-0.212,0.662,5117,2021-01-18 09:20:51:573
12.139,-2.902,0.199,0.544,-0.212,0.662,5127,2021-01-18 09:20:51:583
12.139,-2.902,0.199,0.544,-0.212,0.662,5137,2021-01-18 09:20:51:593
12.139,-2.902,0.199,0.544,-0.212,0.662,5147,2021-01-18 09:20:51:603
12.139,-2.902,0.199,0.544,-0.212,0.662,5157,2021-01-18 09:20:51:613
12.139,-2.902,0.199,0.544,-0.212,0.662,5168,2021-01-18 09:20:51:624
8.014,-2.718,-0.431,0.544,-0.212,0.662,5178,2021-01-18 09:20:51:634
8.014,-2.718,-0.431,0.544,-0.212,0.662,5190,2021-01-18 09:20:51:646
8.014,-2.718,-0.431,0.544,-0.212,0.662,5198,2021-01-18 09:20:51:654
8.014,-2.718,-0.431,0.544,-0.212,0.662,5207,2021-01-18 09:20:51:663
8.014,-2.718,-0.431,0.734,-0.059,-0.847,5217,2021-01-18 09:20:51:673
8.014,-2.718,-0.431,0.734,-0.059,-0.847,5227,2021-01-18 09:20:51:683
7.939,-5.923,-0.259,0.734,-0.059,-0.847,5237,2021-01-18 09:20:51:693
7.939,-5.923,-0.259,0.734,-0.059,-0.847,5248,2021-01-18 09:20:51:704
7.939,-5.923,-0.259,0.734,-0.059,-0.847,5259,2021-01-18 09:20:51:715
7.939,-5.923,-0.259,0.734,-0.059,-0.847,5267,2021-01-18 09:20:51:723
7.939,-5.923,-0.259,0.734,-0.059,-0.847,5277,2021-01-18 09:20:51:733
7.939,-5.923,-0.259,0.734,-0.059,-0.847,5287,2021-01-18 09:20:51:743
8.739,-5.356,1.121,0.734,-0.059,-0.847,5297,2021-01-18 09:20:51:753
8.739,-5.356,1.121,0.734,-0.059,-0.847,5308,2021-01-18 09:20:51:764
8.739,-5.356,1.121,0.734,-0.059,-0.847,5318,2021-01-18 09:20:51:774
8.739,-5.356,1.121,0.734,-0.059,-0.847,5328,2021-01-18 09:20:51:784
8.739,-5.356,1.121,0.777,-0.758,-0.637,5337,2021-01-18 09:20:51:793
8.739,-5.356,1.121,0.777,-0.758,-0.637,5348,2021-01-18 09:20:51:804
7.906,-4.87,1.52,0.777,-0.758,-0.637,5357,2021-01-18 09:20:51:813
7.906,-4.87,1.52,0.777,-0.758,-0.637,5368,2021-01-18 09:20:51:824
7.906,-4.87,1.52,0.777,-0.758,-0.637,5377,2021-01-18 09:20:51:833
7.906,-4.87,1.52,0.777,-0.758,-0.637,5387,2021-01-18 09:20:51:843
7.906,-4.87,1.52,0.777,-0.758,-0.637,5397,2021-01-18 09:20:51:853
7.906,-4.87,1.52,0.777,-0.758,-0.637,5407,2021-01-18 09:20:51:863
7.566,-4.31,0.596,0.777,-0.758,-0.637,5417,2021-01-18 09:20:51:873
7.566,-4.31,0.596,0.777,-0.758,-0.637,5427,2021-01-18 09:20:51:883
7.566,-4.31,0.596,0.777,-0.758,-0.637,5437,2021-01-18 09:20:51:893
7.566,-4.31,0.596,0.777,-0.758,-0.637,5447,2021-01-18 09:20:51:903
7.566,-4.31,0.596,0.777,-0.758,-0.637,5458,2021-01-18 09:20:51:914
7.566,-4.31,0.596,0.264,0.134,-0.495,5470,2021-01-18 09:20:51:926
6.663,-4.616,0.244,0.264,0.134,-0.495,5478,2021-01-18 09:20:51:934
6.663,-4.616,0.244,0.264,0.134,-0.495,5488,2021-01-18 09:20:51:944
6.663,-4.616,0.244,0.264,0.134,-0.495,5498,2021-01-18 09:20:51:954
6.663,-4.616,0.244,0.264,0.134,-0.495,5508,2021-01-18 09:20:51:964
6.663,-4.616,0.244,0.264,0.134,-0.495,5519,2021-01-18 09:20:51:975
6.663,-4.616,0.244,0.264,0.134,-0.495,5527,2021-01-18 09:20:51:983
7.482,-4.499,-1.03,0.264,0.134,-0.495,5538,2021-01-18 09:20:51:994
7.482,-4.499,-1.03,0.264,0.134,-0.495,5548,2021-01-18 09:20:52:004
7.482,-4.499,-1.03,0.264,0.134,-0.495,5558,2021-01-18 09:20:52:014
7.482,-4.499,-1.03,0.264,0.134,-0.495,5567,2021-01-18 09:20:52:023
7.482,-4.499,-1.03,0.264,0.134,-0.495,5577,2021-01-18 09:20:52:033
7.482,-4.499,-1.03,0.512,-0.047,0.135,5587,2021-01-18 09:20:52:043
9.97,-5.418,-1.413,0.512,-0.047,0.135,5598,2021-01-18 09:20:52:054
9.97,-5.418,-1.413,0.512,-0.047,0.135,5609,2021-01-18 09:20:52:065
9.97,-5.418,-1.413,0.512,-0.047,0.135,5617,2021-01-18 09:20:52:073
9.97,-5.418,-1.413,0.512,-0.047,0.135,5628,2021-01-18 09:20:52:084
9.97,-5.418,-1.413,0.512,-0.047,0.135,5638,2021-01-18 09:20:52:094
9.97,-5.418,-1.413,0.512,-0.047,0.135,5648,2021-01-18 09:20:52:104
12.086,-5.636,-1.305,0.512,-0.047,0.135,5658,2021-01-18 09:20:52:114
12.086,-5.636,-1.305,0.512,-0.047,0.135,5668,2021-01-18 09:20:52:124
12.086,-5.636,-1.305,0.512,-0.047,0.135,5678,2021-01-18 09:20:52:134
12.086,-5.636,-1.305,0.512,-0.047,0.135,5691,2021-01-18 09:20:52:147
12.086,-5.636,-1.305,-0.283,-0.06,0.706,5699,2021-01-18 09:20:52:155
12.086,-5.636,-1.305,-0.283,-0.06,0.706,5708,2021-01-18 09:20:52:164
11.081,-4.372,0.17,-0.283,-0.06,0.706,5717,2021-01-18 09:20:52:173
11.081,-4.372,0.17,-0.283,-0.06,0.706,5727,2021-01-18 09:20:52:183
11.081,-4.372,0.17,-0.283,-0.06,0.706,5737,2021-01-18 09:20:52:193
11.081,-4.372,0.17,-0.283,-0.06,0.706,5747,2021-01-18 09:20:52:203
11.081,-4.372,0.17,-0.283,-0.06,0.706,5758,2021-01-18 09:20:52:214
11.081,-4.372,0.17,-0.283,-0.06,0.706,5767,2021-01-18 09:20:52:223
7.331,0.395,0.56,-0.283,-0.06,0.706,5778,2021-01-18 09:20:52:234
7.331,0.395,0.56,-0.283,-0.06,0.706,5787,2021-01-18 09:20:52:243
7.331,0.395,0.56,-0.283,-0.06,0.706,5798,2021-01-18 09:20:52:254
7.331,0.395,0.56,-0.283,-0.06,0.706,5811,2021-01-18 09:20:52:267
7.331,0.395,0.56,-0.444,0.432,0.552,5818,2021-01-18 09:20:52:274
7.331,0.395,0.56,-0.444,0.432,0.552,5829,2021-01-18 09:20:52:285
8.789,-4.269,-0.939,-0.444,0.432,0.552,5838,2021-01-18 09:20:52:294
8.789,-4.269,-0.939,-0.444,0.432,0.552,5848,2021-01-18 09:20:52:304
8.789,-4.269,-0.939,-0.444,0.432,0.552,5857,2021-01-18 09:20:52:313
8.789,-4.269,-0.939,-0.444,0.432,0.552,5867,2021-01-18 09:20:52:323
8.789,-4.269,-0.939,-0.444,0.432,0.552,5878,2021-01-18 09:20:52:334
8.789,-4.269,-0.939,-0.444,0.432,0.552,5888,2021-01-18 09:20:52:344
10.657,-4.039,-1.18,-0.444,0.432,0.552,5897,2021-01-18 09:20:52:353
10.657,-4.039,-1.18,-0.444,0.432,0.552,5908,2021-01-18 09:20:52:364
10.657,-4.039,-1.18,-0.444,0.432,0.552,5918,2021-01-18 09:20:52:374
10.657,-4.039,-1.18,-0.444,0.432,0.552,5927,2021-01-18 09:20:52:383
10.657,-4.039,-1.18,-0.189,-0.267,-0.385,5937,2021-01-18 09:20:52:393
10.657,-4.039,-1.18,-0.189,-0.267,-0.385,5947,2021-01-18 09:20:52:403
10.365,-2.737,1.106,-0.189,-0.267,-0.385,5957,2021-01-18 09:20:52:413
10.365,-2.737,1.106,-0.189,-0.267,-0.385,5967,2021-01-18 09:20:52:423
10.365,-2.737,1.106,-0.189,-0.267,-0.385,5977,2021-01-18 09:20:52:433
10.365,-2.737,1.106,-0.189,-0.267,-0.385,5987,2021-01-18 09:20:52:443
10.365,-2.737,1.106,-0.189,-0.267,-0.385,5997,2021-01-18 09:20:52:453
10.365,-2.737,1.106,-0.189,-0.267,-0.385,6008,2021-01-18 09:20:52:464
7.774,-2.054,-0.639,-0.189,-0.267,-0.385,6018,2021-01-18 09:20:52:474
7.774,-2.054,-0.639,-0.189,-0.267,-0.385,6028,2021-01-18 09:20:52:484
7.774,-2.054,-0.639,-0.189,-0.267,-0.385,6037,2021-01-18 09:20:52:493
7.774,-2.054,-0.639,-0.189,-0.267,-0.385,6047,2021-01-18 09:20:52:503
7.774,-2.054,-0.639,-1.212,1.242,-0.315,6057,2021-01-18 09:20:52:513
7.774,-2.054,-0.639,-1.212,1.242,-0.315,6067,2021-01-18 09:20:52:523
9.527,-1.331,-0.836,-1.212,1.242,-0.315,6077,2021-01-18 09:20:52:533
9.527,-1.331,-0.836,-1.212,1.242,-0.315,6087,2021-01-18 09:20:52:543
9.527,-1.331,-0.836,-1.212,1.242,-0.315,6097,2021-01-18 09:20:52:553
9.527,-1.331,-0.836,-1.212,1.242,-0.315,6107,2021-01-18 09:20:52:563
9.527,-1.331,-0.836,-1.212,1.242,-0.315,6117,2021-01-18 09:20:52:573
9.527,-1.331,-0.836,-1.212,1.242,-0.315,6127,2021-01-18 09:20:52:583
8.375,-2.648,0.845,-1.212,1.242,-0.315,6138,2021-01-18 09:20:52:594
8.375,-2.648,0.845,-1.212,1.242,-0.315,6148,2021-01-18 09:20:52:604
8.375,-2.648,0.845,-1.212,1.242,-0.315,6158,2021-01-18 09:20:52:614
8.375,-2.648,0.845,-1.212,1.242,-0.315,6168,2021-01-18 09:20:52:624
8.375,-2.648,0.845,-0.949,0.826,-0.198,6177,2021-01-18 09:20:52:633
8.375,-2.648,0.845,-0.949,0.826,-0.198,6188,2021-01-18 09:20:52:644
10.336,-4.077,0.16,-0.949,0.826,-0.198,6199,2021-01-18 09:20:52:655
10.336,-4.077,0.16,-0.949,0.826,-0.198,6208,2021-01-18 09:20:52:664
10.336,-4.077,0.16,-0.949,0.826,-0.198,6217,2021-01-18 09:20:52:673
10.336,-4.077,0.16,-0.949,0.826,-0.198,6229,2021-01-18 09:20:52:685
10.336,-4.077,0.16,-0.949,0.826,-0.198,6238,2021-01-18 09:20:52:694
10.336,-4.077,0.16,-0.949,0.826,-0.198,6248,2021-01-18 09:20:52:704
9.515,-5.172,1.781,-0.949,0.826,-0.198,6258,2021-01-18 09:20:52:714
9.515,-5.172,1.781,-0.949,0.826,-0.198,6268,2021-01-18 09:20:52:724
9.515,-5.172,1.781,-0.949,0.826,-0.198,6278,2021-01-18 09:20:52:734
9.515,-5.172,1.781,-0.949,0.826,-0.198,6288,2021-01-18 09:20:52:744
9.515,-5.172,1.781,-0.358,0.535,0.493,6298,2021-01-18 09:20:52:754
9.515,-5.172,1.781,-0.358,0.535,0.493,6308,2021-01-18 09:20:52:764
10.125,-4.961,2.157,-0.358,0.535,0.493,6317,2021-01-18 09:20:52:773
10.125,-4.961,2.157,-0.358,0.535,0.493,6328,2021-01-18 09:20:52:784
10.125,-4.961,2.157,-0.358,0.535,0.493,6338,2021-01-18 09:20:52:794
10.125,-4.961,2.157,-0.358,0.535,0.493,6347,2021-01-18 09:20:52:803
10.125,-4.961,2.157,-0.358,0.535,0.493,6357,2021-01-18 09:20:52:813
10.125,-4.961,2.157,-0.358,0.535,0.493,6367,2021-01-18 09:20:52:823
9.903,-3.424,3.848,-0.358,0.535,0.493,6377,2021-01-18 09:20:52:833
9.903,-3.424,3.848,-0.358,0.535,0.493,6387,2021-01-18 09:20:52:843
9.903,-3.424,3.848,-0.358,0.535,0.493,6397,2021-01-18 09:20:52:853
9.903,-3.424,3.848,-0.358,0.535,0.493,6407,2021-01-18 09:20:52:863
9.903,-3.424,3.848,1.061,0.488,0.676,6418,2021-01-18 09:20:52:874
9.903,-3.424,3.848,1.061,0.488,0.676,6428,2021-01-18 09:20:52:884
8.641,-5.622,1.827,1.061,0.488,0.676,6437,2021-01-18 09:20:52:893
8.641,-5.622,1.827,1.061,0.488,0.676,6447,2021-01-18 09:20:52:903
8.641,-5.622,1.827,1.061,0.488,0.676,6458,2021-01-18 09:20:52:914
8.641,-5.622,1.827,1.061,0.488,0.676,6470,2021-01-18 09:20:52:926
8.641,-5.622,1.827,1.061,0.488,0.676,6478,2021-01-18 09:20:52:934
8.641,-5.622,1.827,1.061,0.488,0.676,6487,2021-01-18 09:20:52:943
8.279,-6.242,2.617,1.061,0.488,0.676,6498,2021-01-18 09:20:52:954
8.279,-6.242,2.617,1.061,0.488,0.676,6508,2021-01-18 09:20:52:964
8.279,-6.242,2.617,1.061,0.488,0.676,6518,2021-01-18 09:20:52:974
8.279,-6.242,2.617,1.061,0.488,0.676,6529,2021-01-18 09:20:52:985
8.279,-6.242,2.617,1.063,0.641,-0.685,6538,2021-01-18 09:20:52:994
8.279,-6.242,2.617,1.063,0.641,-0.685,6547,2021-01-18 09:20:53:003
8.964,-4.434,2.921,1.063,0.641,-0.685,6557,2021-01-18 09:20:53:013
8.964,-4.434,2.921,1.063,0.641,-0.685,6568,2021-01-18 09:20:53:024
8.964,-4.434,2.921,1.063,0.641,-0.685,6577,2021-01-18 09:20:53:033
8.964,-4.434,2.921,1.063,0.641,-0.685,6588,2021-01-18 09:20:53:044
8.964,-4.434,2.921,1.063,0.641,-0.685,6597,2021-01-18 09:20:53:053
8.964,-4.434,2.921,1.063,0.641,-0.685,6608,2021-01-18 09:20:53:064
7.813,-3.225,4.678,1.063,0.641,-0.685,6617,2021-01-18 09:20:53:073
7.813,-3.225,4.678,1.063,0.641,-0.685,6629,2021-01-18 09:20:53:085
7.813,-3.225,4.678,1.063,0.641,-0.685,6638,2021-01-18 09:20:53:094
7.813,-3.225,4.678,1.063,0.641,-0.685,6648,2021-01-18 09:20:53:104
7.813,-3.225,4.678,-0.127,1.442,-0.691,6657,2021-01-18 09:20:53:113
7.813,-3.225,4.678,-0.127,1.442,-0.691,6667,2021-01-18 09:20:53:123
6.259,-3.206,3.206,-0.127,1.442,-0.691,6677,2021-01-18 09:20:53:133
6.259,-3.206,3.206,-0.127,1.442,-0.691,6688,2021-01-18 09:20:53:144
6.259,-3.206,3.206,-0.127,1.442,-0.691,6698,2021-01-18 09:20:53:154
6.259,-3.206,3.206,-0.127,1.442,-0.691,6707,2021-01-18 09:20:53:163
6.259,-3.206,3.206,-0.127,1.442,-0.691,6717,2021-01-18 09:20:53:173
6.259,-3.206,3.206,-0.127,1.442,-0.691,6727,2021-01-18 09:20:53:183
7.961,-4.635,6.517,-0.127,1.442,-0.691,6738,2021-01-18 09:20:53:194
7.961,-4.635,6.517,-0.127,1.442,-0.691,6748,2021-01-18 09:20:53:204
7.961,-4.635,6.517,-0.127,1.442,-0.691,6759,2021-01-18 09:20:53:215
7.961,-4.635,6.517,-0.127,1.442,-0.691,6768,2021-01-18 09:20:53:224
7.961,-4.635,6.517,-0.974,1.529,0.196,6779,2021-01-18 09:20:53:235
7.961,-4.635,6.517,-0.974,1.529,0.196,6788,2021-01-18 09:20:53:244
10.429,-4.073,8.928,-0.974,1.529,0.196,6797,2021-01-18 09:20:53:253
10.429,-4.073,8.928,-0.974,1.529,0.196,6810,2021-01-18 09:20:53:266
10.429,-4.073,8.928,-0.974,1.529,0.196,6817,2021-01-18 09:20:53:273
10.429,-4.073,8.928,-0.974,1.529,0.196,6828,2021-01-18 09:20:53:284
10.429,-4.073,8.928,-0.974,1.529,0.196,6838,2021-01-18 09:20:53:294
10.429,-4.073,8.928,-0.974,1.529,0.196,6848,2021-01-18 09:20:53:304
4.171,-7.494,9.316,-0.974,1.529,0.196,6858,2021-01-18 09:20:53:314
4.171,-7.494,9.316,-0.974,1.529,0.196,6867,2021-01-18 09:20:53:323
4.171,-7.494,9.316,-0.974,1.529,0.196,6877,2021-01-18 09:20:53:333
4.171,-7.494,9.316,-0.974,1.529,0.196,6888,2021-01-18 09:20:53:344
4.171,-7.494,9.316,-0.298,3.666,-1.264,6898,2021-01-18 09:20:53:354
4.171,-7.494,9.316,-0.298,3.666,-1.264,6908,2021-01-18 09:20:53:364
5.895,-3.781,9.613,-0.298,3.666,-1.264,6917,2021-01-18 09:20:53:373
5.895,-3.781,9.613,-0.298,3.666,-1.264,6928,2021-01-18 09:20:53:384
5.895,-3.781,9.613,-0.298,3.666,-1.264,6937,2021-01-18 09:20:53:393
5.895,-3.781,9.613,-0.298,3.666,-1.264,6949,2021-01-18 09:20:53:405
5.895,-3.781,9.613,-0.298,3.666,-1.264,6957,2021-01-18 09:20:53:413
2.555,-4.666,10.597,-0.298,3.666,-1.264,6982,2021-01-18 09:20:53:438
2.555,-4.666,10.597,-0.298,3.666,-1.264,6983,2021-01-18 09:20:53:439
2.555,-4.666,10.597,-0.298,3.666,-1.264,6988,2021-01-18 09:20:53:444
2.555,-4.666,10.597,-0.298,3.666,-1.264,6998,2021-01-18 09:20:53:454
2.555,-4.666,10.597,-0.298,3.666,-1.264,7008,2021-01-18 09:20:53:464
2.555,-4.666,10.597,0.612,2.658,-1.256,7018,2021-01-18 09:20:53:474
2.555,-4.666,10.597,0.612,2.658,-1.256,7032,2021-01-18 09:20:53:488
2.842,-4.712,11.607,0.612,2.658,-1.256,7037,2021-01-18 09:20:53:493
2.842,-4.712,11.607,0.612,2.658,-1.256,7048,2021-01-18 09:20:53:504
2.842,-4.712,11.607,0.612,2.658,-1.256,7058,2021-01-18 09:20:53:514
2.842,-4.712,11.607,0.612,2.658,-1.256,7070,2021-01-18 09:20:53:526
2.842,-4.712,11.607,0.612,2.658,-1.256,7078,2021-01-18 09:20:53:534
2.842,-4.712,11.607,0.612,2.658,-1.256,7087,2021-01-18 09:20:53:543
0.872,-2.296,6.91,0.612,2.658,-1.256,7097,2021-01-18 09:20:53:553
0.872,-2.296,6.91,0.612,2.658,-1.256,7108,2021-01-18 09:20:53:564
0.872,-2.296,6.91,0.612,2.658,-1.256,7117,2021-01-18 09:20:53:573
0.872,-2.296,6.91,0.612,2.658,-1.256,7127,2021-01-18 09:20:53:583
0.872,-2.296,6.91,0.612,2.658,-1.256,7137,2021-01-18 09:20:53:593
0.872,-2.296,6.91,4.261,2.498,-1.173,7151,2021-01-18 09:20:53:607
-0.125,-1.137,6.067,4.261,2.498,-1.173,7158,2021-01-18 09:20:53:614
-0.125,-1.137,6.067,4.261,2.498,-1.173,7168,2021-01-18 09:20:53:624
-0.125,-1.137,6.067,4.261,2.498,-1.173,7178,2021-01-18 09:20:53:634
-0.125,-1.137,6.067,4.261,2.498,-1.173,7188,2021-01-18 09:20:53:644
-0.125,-1.137,6.067,4.261,2.498,-1.173,7198,2021-01-18 09:20:53:654
-0.125,-1.137,6.067,4.261,2.498,-1.173,7207,2021-01-18 09:20:53:663
0.563,1.686,8.969,4.261,2.498,-1.173,7218,2021-01-18 09:20:53:674
0.563,1.686,8.969,4.261,2.498,-1.173,7227,2021-01-18 09:20:53:683
0.563,1.686,8.969,4.261,2.498,-1.173,7239,2021-01-18 09:20:53:695
0.563,1.686,8.969,4.261,2.498,-1.173,7248,2021-01-18 09:20:53:704
0.563,1.686,8.969,1,0.922,-0.179,7258,2021-01-18 09:20:53:714
-0.843,1.786,6.953,1,0.922,-0.179,7276,2021-01-18 09:20:53:732
-0.843,1.786,6.953,1,0.922,-0.179,7278,2021-01-18 09:20:53:734
-0.843,1.786,6.953,1,0.922,-0.179,7288,2021-01-18 09:20:53:744
-0.843,1.786,6.953,1,0.922,-0.179,7299,2021-01-18 09:20:53:755
-0.843,1.786,6.953,1,0.922,-0.179,7307,2021-01-18 09:20:53:763
-0.843,1.786,6.953,1,0.922,-0.179,7318,2021-01-18 09:20:53:774
-0.843,1.786,6.953,1,0.922,-0.179,7329,2021-01-18 09:20:53:785
-0.201,1.554,6.963,1,0.922,-0.179,7338,2021-01-18 09:20:53:794
-0.201,1.554,6.963,1,0.922,-0.179,7348,2021-01-18 09:20:53:804
-0.201,1.554,6.963,1,0.922,-0.179,7358,2021-01-18 09:20:53:814
-0.201,1.554,6.963,1,0.922,-0.179,7368,2021-01-18 09:20:53:824
-0.201,1.554,6.963,1.288,0.518,0.475,7378,2021-01-18 09:20:53:834
-0.201,1.554,6.963,1.288,0.518,0.475,7387,2021-01-18 09:20:53:843
-0.699,4.575,8.516,1.288,0.518,0.475,7399,2021-01-18 09:20:53:855
-0.699,4.575,8.516,1.288,0.518,0.475,7408,2021-01-18 09:20:53:864
-0.699,4.575,8.516,1.288,0.518,0.475,7418,2021-01-18 09:20:53:874
-0.699,4.575,8.516,1.288,0.518,0.475,7428,2021-01-18 09:20:53:884
-0.699,4.575,8.516,1.288,0.518,0.475,7438,2021-01-18 09:20:53:894
-0.699,4.575,8.516,1.288,0.518,0.475,7448,2021-01-18 09:20:53:904
0.558,5.243,9.541,1.288,0.518,0.475,7458,2021-01-18 09:20:53:914
0.558,5.243,9.541,1.288,0.518,0.475,7468,2021-01-18 09:20:53:924
0.558,5.243,9.541,1.288,0.518,0.475,7493,2021-01-18 09:20:53:949
0.558,5.243,9.541,1.288,0.518,0.475,7493,2021-01-18 09:20:53:949
0.558,5.243,9.541,1.884,0.57,0.917,7501,2021-01-18 09:20:53:957
0.558,5.243,9.541,1.884,0.57,0.917,7507,2021-01-18 09:20:53:963
-0.74,7.899,6.328,1.884,0.57,0.917,7527,2021-01-18 09:20:53:983
-0.74,7.899,6.328,1.884,0.57,0.917,7528,2021-01-18 09:20:53:984
-0.74,7.899,6.328,1.884,0.57,0.917,7538,2021-01-18 09:20:53:994
-0.74,7.899,6.328,1.884,0.57,0.917,7550,2021-01-18 09:20:54:006
-0.74,7.899,6.328,1.884,0.57,0.917,7558,2021-01-18 09:20:54:014
-0.74,7.899,6.328,1.884,0.57,0.917,7568,2021-01-18 09:20:54:024
0.28,8.057,6.335,1.884,0.57,0.917,7578,2021-01-18 09:20:54:034
0.28,8.057,6.335,1.884,0.57,0.917,7589,2021-01-18 09:20:54:045
0.28,8.057,6.335,1.884,0.57,0.917,7598,2021-01-18 09:20:54:054
0.28,8.057,6.335,1.884,0.57,0.917,7608,2021-01-18 09:20:54:064
0.28,8.057,6.335,1.777,0.204,0.808,7618,2021-01-18 09:20:54:074
0.28,8.057,6.335,1.777,0.204,0.808,7628,2021-01-18 09:20:54:084
-0.318,6.735,6.747,1.777,0.204,0.808,7637,2021-01-18 09:20:54:093
-0.318,6.735,6.747,1.777,0.204,0.808,7648,2021-01-18 09:20:54:104
-0.318,6.735,6.747,1.777,0.204,0.808,7658,2021-01-18 09:20:54:114
-0.318,6.735,6.747,1.777,0.204,0.808,7667,2021-01-18 09:20:54:123
-0.318,6.735,6.747,1.777,0.204,0.808,7678,2021-01-18 09:20:54:134
-0.318,6.735,6.747,1.777,0.204,0.808,7687,2021-01-18 09:20:54:143
0.211,7.487,5.215,1.777,0.204,0.808,7697,2021-01-18 09:20:54:153
0.211,7.487,5.215,1.777,0.204,0.808,7708,2021-01-18 09:20:54:164
0.211,7.487,5.215,1.777,0.204,0.808,7718,2021-01-18 09:20:54:174
0.211,7.487,5.215,1.777,0.204,0.808,7727,2021-01-18 09:20:54:183
0.211,7.487,5.215,1.321,0.712,0.635,7738,2021-01-18 09:20:54:194
0.211,7.487,5.215,1.321,0.712,0.635,7748,2021-01-18 09:20:54:204
-0.615,7.518,4.829,1.321,0.712,0.635,7757,2021-01-18 09:20:54:213
-0.615,7.518,4.829,1.321,0.712,0.635,7767,2021-01-18 09:20:54:223
-0.615,7.518,4.829,1.321,0.712,0.635,7778,2021-01-18 09:20:54:234
-0.615,7.518,4.829,1.321,0.712,0.635,7788,2021-01-18 09:20:54:244
-0.615,7.518,4.829,1.321,0.712,0.635,7798,2021-01-18 09:20:54:254
-0.615,7.518,4.829,1.321,0.712,0.635,7808,2021-01-18 09:20:54:264
-0.656,8.366,3.661,1.321,0.712,0.635,7817,2021-01-18 09:20:54:273
-0.656,8.366,3.661,1.321,0.712,0.635,7827,2021-01-18 09:20:54:283
-0.656,8.366,3.661,1.321,0.712,0.635,7837,2021-01-18 09:20:54:293
-0.656,8.366,3.661,1.321,0.712,0.635,7848,2021-01-18 09:20:54:304
-0.656,8.366,3.661,1.034,0.683,0.464,7857,2021-01-18 09:20:54:313
-0.656,8.366,3.661,1.034,0.683,0.464,7870,2021-01-18 09:20:54:326
0.005,7.927,3.433,1.034,0.683,0.464,7877,2021-01-18 09:20:54:333
0.005,7.927,3.433,1.034,0.683,0.464,7887,2021-01-18 09:20:54:343
0.005,7.927,3.433,1.034,0.683,0.464,7898,2021-01-18 09:20:54:354
0.005,7.927,3.433,1.034,0.683,0.464,7907,2021-01-18 09:20:54:363
0.005,7.927,3.433,1.034,0.683,0.464,7918,2021-01-18 09:20:54:374
0.005,7.927,3.433,1.034,0.683,0.464,7928,2021-01-18 09:20:54:384
1.037,8.461,4.324,1.034,0.683,0.464,7937,2021-01-18 09:20:54:393
1.037,8.461,4.324,1.034,0.683,0.464,7948,2021-01-18 09:20:54:404
1.037,8.461,4.324,1.034,0.683,0.464,7957,2021-01-18 09:20:54:413
1.037,8.461,4.324,1.034,0.683,0.464,7967,2021-01-18 09:20:54:423
1.037,8.461,4.324,1.034,0.683,0.464,7978,2021-01-18 09:20:54:434
1.037,8.461,4.324,1.034,0.683,0.464,7988,2021-01-18 09:20:54:444
1.037,8.461,4.324,1.034,0.683,0.464,7997,2021-01-18 09:20:54:453
0.795,8.492,3.951,0.038,0.06,0.186,8016,2021-01-18 09:20:54:472
0.795,8.492,3.951,0.038,0.06,0.186,8018,2021-01-18 09:20:54:474
0.795,8.492,3.951,0.038,0.06,0.186,8029,2021-01-18 09:20:54:485
0.795,8.492,3.951,0.038,0.06,0.186,8038,2021-01-18 09:20:54:494
0.795,8.492,3.951,0.038,0.06,0.186,8047,2021-01-18 09:20:54:503
0.795,8.492,3.951,0.038,0.06,0.186,8057,2021-01-18 09:20:54:513
0.795,8.492,3.951,0.038,0.06,0.186,8067,2021-01-18 09:20:54:523
0.795,8.174,3.864,0.038,0.06,0.186,8077,2021-01-18 09:20:54:533
-0.242,8.174,3.864,0.038,0.06,0.186,8087,2021-01-18 09:20:54:543
-0.242,8.174,3.864,0.038,0.06,0.186,8097,2021-01-18 09:20:54:553
-0.242,8.174,3.864,-0.094,-0.194,-0.189,8107,2021-01-18 09:20:54:563
-0.242,8.174,3.864,-0.094,-0.194,-0.189,8117,2021-01-18 09:20:54:573
-0.242,8.174,3.864,-0.094,-0.194,-0.189,8127,2021-01-18 09:20:54:583
-0.488,8.71,4.353,-0.094,-0.194,-0.189,8138,2021-01-18 09:20:54:594
-0.488,8.71,4.353,-0.094,-0.194,-0.189,8147,2021-01-18 09:20:54:603
-0.488,8.71,4.353,-0.094,-0.194,-0.189,8157,2021-01-18 09:20:54:613
-0.488,8.71,4.353,-0.094,-0.194,-0.189,8168,2021-01-18 09:20:54:624
-0.488,8.71,4.353,-0.094,-0.194,-0.189,8177,2021-01-18 09:20:54:633
-0.488,8.71,4.353,-0.094,-0.194,-0.189,8187,2021-01-18 09:20:54:643
-0.184,8.876,4.865,-0.094,-0.194,-0.189,8197,2021-01-18 09:20:54:653
-0.184,8.876,4.865,-0.094,-0.194,-0.189,8208,2021-01-18 09:20:54:664
-0.184,8.876,4.865,-0.2,-0.366,0.114,8218,2021-01-18 09:20:54:674
-0.184,8.876,4.865,-0.2,-0.366,0.114,8228,2021-01-18 09:20:54:684
-0.184,8.876,4.865,-0.2,-0.366,0.114,8238,2021-01-18 09:20:54:694
-0.184,8.876,4.865,-0.2,-0.366,0.114,8247,2021-01-18 09:20:54:703
0.309,9.058,3.589,-0.2,-0.366,0.114,8257,2021-01-18 09:20:54:713
0.309,9.058,3.589,-0.2,-0.366,0.114,8268,2021-01-18 09:20:54:724
0.309,9.058,3.589,-0.2,-0.366,0.114,8277,2021-01-18 09:20:54:733
0.309,9.058,3.589,-0.2,-0.366,0.114,8287,2021-01-18 09:20:54:743
0.309,9.058,3.589,-0.2,-0.366,0.114,8298,2021-01-18 09:20:54:754
0.309,9.058,3.589,-0.2,-0.366,0.114,8307,2021-01-18 09:20:54:763
0.096,8.878,4.468,-0.2,-0.366,0.114,8317,2021-01-18 09:20:54:773
0.096,8.878,4.468,-0.2,-0.366,0.114,8327,2021-01-18 09:20:54:783
0.096,8.878,4.468,-0.436,-0.155,0.084,8337,2021-01-18 09:20:54:793
0.096,8.878,4.468,-0.436,-0.155,0.084,8347,2021-01-18 09:20:54:803
0.096,8.878,4.468,-0.436,-0.155,0.084,8358,2021-01-18 09:20:54:814
0.096,8.878,4.468,-0.436,-0.155,0.084,8367,2021-01-18 09:20:54:823
0.086,8.464,4.386,-0.436,-0.155,0.084,8377,2021-01-18 09:20:54:833
0.086,8.464,4.386,-0.436,-0.155,0.084,8388,2021-01-18 09:20:54:844
0.086,8.464,4.386,-0.436,-0.155,0.084,8397,2021-01-18 09:20:54:853
0.086,8.464,4.386,-0.436,-0.155,0.084,8407,2021-01-18 09:20:54:863
0.086,8.464,4.386,-0.436,-0.155,0.084,8418,2021-01-18 09:20:54:874
0.086,8.464,4.386,-0.436,-0.155,0.084,8427,2021-01-18 09:20:54:883
-0.409,8.404,3.764,-0.436,-0.155,0.084,8437,2021-01-18 09:20:54:893
-0.409,8.404,3.764,-0.436,-0.155,0.084,8447,2021-01-18 09:20:54:903
-0.409,8.404,3.764,-0.351,0.212,-0.085,8458,2021-01-18 09:20:54:914
-0.409,8.404,3.764,-0.351,0.212,-0.085,8467,2021-01-18 09:20:54:923
-0.409,8.404,3.764,-0.351,0.212,-0.085,8477,2021-01-18 09:20:54:933
-0.409,8.404,3.764,-0.351,0.212,-0.085,8488,2021-01-18 09:20:54:944
0.469,8.698,5.157,-0.351,0.212,-0.085,8497,2021-01-18 09:20:54:953
0.469,8.698,5.157,-0.351,0.212,-0.085,8507,2021-01-18 09:20:54:963
0.469,8.698,5.157,-0.351,0.212,-0.085,8518,2021-01-18 09:20:54:974
0.469,8.698,5.157,-0.351,0.212,-0.085,8527,2021-01-18 09:20:54:983
0.469,8.698,5.157,-0.351,0.212,-0.085,8537,2021-01-18 09:20:54:993
0.469,8.698,5.157,-0.351,0.212,-0.085,8547,2021-01-18 09:20:55:003
-0.091,8.064,5.94,-0.351,0.212,-0.085,8558,2021-01-18 09:20:55:014
-0.091,8.064,5.94,-0.351,0.212,-0.085,8567,2021-01-18 09:20:55:023
-0.091,8.064,5.94,-0.888,0.245,0.102,8577,2021-01-18 09:20:55:033
-0.091,8.064,5.94,-0.888,0.245,0.102,8588,2021-01-18 09:20:55:044
-0.091,8.064,5.94,-0.888,0.245,0.102,8597,2021-01-18 09:20:55:053
-0.091,8.064,5.94,-0.888,0.245,0.102,8607,2021-01-18 09:20:55:063
0.725,8.73,4.925,-0.888,0.245,0.102,8617,2021-01-18 09:20:55:073
0.725,8.73,4.925,-0.888,0.245,0.102,8628,2021-01-18 09:20:55:084
0.725,8.73,4.925,-0.888,0.245,0.102,8637,2021-01-18 09:20:55:093
0.725,8.73,4.925,-0.888,0.245,0.102,8647,2021-01-18 09:20:55:103
0.725,8.73,4.925,-0.888,0.245,0.102,8657,2021-01-18 09:20:55:113
0.725,8.73,4.925,-0.888,0.245,0.102,8668,2021-01-18 09:20:55:124
-0.077,8.062,5.002,-0.888,0.245,0.102,8677,2021-01-18 09:20:55:133
-0.077,8.062,5.002,-0.888,0.245,0.102,8687,2021-01-18 09:20:55:143
-0.077,8.062,5.002,0.294,0.663,-0.063,8697,2021-01-18 09:20:55:153
-0.077,8.062,5.002,0.294,0.663,-0.063,8708,2021-01-18 09:20:55:164
-0.077,8.062,5.002,0.294,0.663,-0.063,8717,2021-01-18 09:20:55:173
-0.077,8.062,5.002,0.294,0.663,-0.063,8727,2021-01-18 09:20:55:183
-0.429,7.853,5.811,0.294,0.663,-0.063,8737,2021-01-18 09:20:55:193
-0.429,7.853,5.811,0.294,0.663,-0.063,8748,2021-01-18 09:20:55:204
-0.429,7.853,5.811,0.294,0.663,-0.063,8757,2021-01-18 09:20:55:213
-0.429,7.853,5.811,0.294,0.663,-0.063,8767,2021-01-18 09:20:55:223
-0.429,7.853,5.811,0.294,0.663,-0.063,8777,2021-01-18 09:20:55:233
-0.429,7.853,5.811,0.294,0.663,-0.063,8787,2021-01-18 09:20:55:243
-2.191,7.702,4.875,0.294,0.663,-0.063,8798,2021-01-18 09:20:55:254
-2.191,7.702,4.875,0.294,0.663,-0.063,8808,2021-01-18 09:20:55:264
-2.191,7.702,4.875,1.087,1.116,-0.68,8817,2021-01-18 09:20:55:273
-2.191,7.702,4.875,1.087,1.116,-0.68,8827,2021-01-18 09:20:55:283
-2.191,7.702,4.875,1.087,1.116,-0.68,8838,2021-01-18 09:20:55:294
-2.191,7.702,4.875,1.087,1.116,-0.68,8847,2021-01-18 09:20:55:303
-1.185,8.993,3.874,1.087,1.116,-0.68,8857,2021-01-18 09:20:55:313
-1.185,8.993,3.874,1.087,1.116,-0.68,8867,2021-01-18 09:20:55:323
-1.185,8.993,3.874,1.087,1.116,-0.68,8878,2021-01-18 09:20:55:334
-1.185,8.993,3.874,1.087,1.116,-0.68,8888,2021-01-18 09:20:55:344
-1.185,8.993,3.874,1.087,1.116,-0.68,8897,2021-01-18 09:20:55:353
-1.185,8.993,3.874,1.087,1.116,-0.68,8907,2021-01-18 09:20:55:363
-2.416,8.806,3.517,1.087,1.116,-0.68,8917,2021-01-18 09:20:55:373
-2.416,8.806,3.517,1.087,1.116,-0.68,8928,2021-01-18 09:20:55:384
-2.416,8.806,3.517,0.476,1.605,-0.335,8938,2021-01-18 09:20:55:394
-2.416,8.806,3.517,0.476,1.605,-0.335,8947,2021-01-18 09:20:55:403
-2.416,8.806,3.517,0.476,1.605,-0.335,8957,2021-01-18 09:20:55:413
-2.416,8.806,3.517,0.476,1.605,-0.335,8968,2021-01-18 09:20:55:424
-3.345,8.78,2.428,0.476,1.605,-0.335,8978,2021-01-18 09:20:55:434
-3.345,8.78,2.428,0.476,1.605,-0.335,8987,2021-01-18 09:20:55:443
-3.345,8.78,2.428,0.476,1.605,-0.335,8997,2021-01-18 09:20:55:453
-3.345,8.78,2.428,0.476,1.605,-0.335,9007,2021-01-18 09:20:55:463
-3.345,8.78,2.428,0.476,1.605,-0.335,9017,2021-01-18 09:20:55:473
-3.345,8.78,2.428,0.476,1.605,-0.335,9028,2021-01-18 09:20:55:484
-2.873,8.952,2.923,0.476,1.605,-0.335,9037,2021-01-18 09:20:55:493
-2.873,8.952,2.923,0.476,1.605,-0.335,9047,2021-01-18 09:20:55:503
-2.873,8.952,2.923,0.008,0.942,-0.1,9058,2021-01-18 09:20:55:514
-2.873,8.952,2.923,0.008,0.942,-0.1,9067,2021-01-18 09:20:55:523
-2.873,8.952,2.923,0.008,0.942,-0.1,9077,2021-01-18 09:20:55:533
-2.873,8.952,2.923,0.008,0.942,-0.1,9087,2021-01-18 09:20:55:543
-3.63,8.595,2.524,0.008,0.942,-0.1,9098,2021-01-18 09:20:55:554
-3.63,8.595,2.524,0.008,0.942,-0.1,9108,2021-01-18 09:20:55:564
-3.63,8.595,2.524,0.008,0.942,-0.1,9117,2021-01-18 09:20:55:573
-3.63,8.595,2.524,0.008,0.942,-0.1,9127,2021-01-18 09:20:55:583
-3.63,8.595,2.524,0.008,0.942,-0.1,9138,2021-01-18 09:20:55:594
-3.63,8.595,2.524,0.008,0.942,-0.1,9147,2021-01-18 09:20:55:603
-3.096,9.211,2.217,0.008,0.942,-0.1,9157,2021-01-18 09:20:55:613
-3.096,9.211,2.217,0.008,0.942,-0.1,9167,2021-01-18 09:20:55:623
-3.096,9.211,2.217,0.33,0.473,-0.069,9177,2021-01-18 09:20:55:633
-3.096,9.211,2.217,0.33,0.473,-0.069,9188,2021-01-18 09:20:55:644
-3.096,9.211,2.217,0.33,0.473,-0.069,9197,2021-01-18 09:20:55:653
-3.096,9.211,2.217,0.33,0.473,-0.069,9207,2021-01-18 09:20:55:663
-3.948,8.789,-0.299,0.33,0.473,-0.069,9217,2021-01-18 09:20:55:673
-3.948,8.789,-0.299,0.33,0.473,-0.069,9228,2021-01-18 09:20:55:684
-3.948,8.789,-0.299,0.33,0.473,-0.069,9238,2021-01-18 09:20:55:694
-3.948,8.789,-0.299,0.33,0.473,-0.069,9247,2021-01-18 09:20:55:703
-3.948,8.789,-0.299,0.33,0.473,-0.069,9257,2021-01-18 09:20:55:713
-3.948,8.789,-0.299,0.33,0.473,-0.069,9267,2021-01-18 09:20:55:723
-3.45,9.034,3.043,0.33,0.473,-0.069,9278,2021-01-18 09:20:55:734
-3.45,9.034,3.043,0.33,0.473,-0.069,9288,2021-01-18 09:20:55:744
-3.45,9.034,3.043,-0.095,-0.063,-0.055,9297,2021-01-18 09:20:55:753
-3.45,9.034,3.043,-0.095,-0.063,-0.055,9307,2021-01-18 09:20:55:763
-3.45,9.034,3.043,-0.095,-0.063,-0.055,9317,2021-01-18 09:20:55:773
-3.45,9.034,3.043,-0.095,-0.063,-0.055,9328,2021-01-18 09:20:55:784
